{"initial_reset_timestamp": 1554394024.083551, "timestamps": [1554394033.3420842], "episode_lengths": [1000], "episode_rewards": [-352.3655817059259], "episode_types": ["t", "t"]}