{"initial_reset_timestamp": 1557676127.9693623, "timestamps": [1557676148.3624852], "episode_lengths": [1000], "episode_rewards": [1913.8975264544883], "episode_types": ["t", "t"]}