{"initial_reset_timestamp": 1557676203.9763553, "timestamps": [1557676222.6762834], "episode_lengths": [1000], "episode_rewards": [6107.835505620261], "episode_types": ["t", "t"]}