{"initial_reset_timestamp": 1557829632.6200774, "timestamps": [1557829650.9459872], "episode_lengths": [1000], "episode_rewards": [3724.8967162841263], "episode_types": ["t", "t"]}