{"initial_reset_timestamp": 1557749951.930629, "timestamps": [1557749973.6778183], "episode_lengths": [1000], "episode_rewards": [3271.0813219471493], "episode_types": ["t", "t"]}