{"initial_reset_timestamp": 1556180779.180587, "timestamps": [1556180789.542746], "episode_lengths": [1000], "episode_rewards": [4353.440191343761], "episode_types": ["t", "t"]}