{"initial_reset_timestamp": 1556180828.6819868, "timestamps": [1556180835.8768492], "episode_lengths": [1000], "episode_rewards": [48.75799343632529], "episode_types": ["t", "t"]}