{"initial_reset_timestamp": 1556025590.9346776, "timestamps": [1556025596.293475], "episode_lengths": [580], "episode_rewards": [2276.6720210303856], "episode_types": ["t", "t"]}