{"initial_reset_timestamp": 1554822288.563032, "timestamps": [1554822296.2186058], "episode_lengths": [1000], "episode_rewards": [3810.0863277895573], "episode_types": ["t", "t"]}