{"initial_reset_timestamp": 1556025641.258742, "timestamps": [1556025650.110234], "episode_lengths": [1000], "episode_rewards": [4968.576282349242], "episode_types": ["t", "t"]}