{"initial_reset_timestamp": 1557829906.8539512, "timestamps": [1557829927.7493844], "episode_lengths": [1000], "episode_rewards": [4343.720885515517], "episode_types": ["t", "t"]}