{"initial_reset_timestamp": 1554822240.5830858, "timestamps": [1554822248.1971674], "episode_lengths": [1000], "episode_rewards": [107.95133498509509], "episode_types": ["t", "t"]}