{"initial_reset_timestamp": 1557746331.9263704, "timestamps": [1557746355.6126556], "episode_lengths": [1000], "episode_rewards": [2714.566400394867], "episode_types": ["t", "t"]}