{"initial_reset_timestamp": 1557149739.7226458, "timestamps": [1557149748.523486], "episode_lengths": [1000], "episode_rewards": [1912.6200380948023], "episode_types": ["t", "t"]}