{"initial_reset_timestamp": 1557828868.0863447, "timestamps": [1557828888.8515425], "episode_lengths": [1000], "episode_rewards": [62.79143579141153], "episode_types": ["t", "t"]}