{"initial_reset_timestamp": 1557829678.5252492, "timestamps": [1557829699.3777058], "episode_lengths": [1000], "episode_rewards": [109.85124658072236], "episode_types": ["t", "t"]}