{"initial_reset_timestamp": 1557746658.3226821, "timestamps": [1557746680.3183556], "episode_lengths": [933], "episode_rewards": [1378.4342036782057], "episode_types": ["t", "t"]}