{"initial_reset_timestamp": 1557746703.5099192, "timestamps": [1557746727.4239924], "episode_lengths": [1000], "episode_rewards": [154.54793664885457], "episode_types": ["t", "t"]}