{"initial_reset_timestamp": 1556030617.793792, "timestamps": [1556030623.337165], "episode_lengths": [555], "episode_rewards": [2000.3450606945028], "episode_types": ["t", "t"]}