{"initial_reset_timestamp": 1557912770.1625261, "timestamps": [1557912799.5660088], "episode_lengths": [1000], "episode_rewards": [353.18737583470426], "episode_types": ["t", "t"]}