{"initial_reset_timestamp": 1555246936.5906503, "timestamps": [1555246950.4898236], "episode_lengths": [1000], "episode_rewards": [355.42615972313826], "episode_types": ["t", "t"]}