{"initial_reset_timestamp": 1556192896.1141322, "timestamps": [1556192905.2508965], "episode_lengths": [1000], "episode_rewards": [359.79540480192713], "episode_types": ["t", "t"]}