{"initial_reset_timestamp": 1557828940.0695872, "timestamps": [1557828947.2619042], "episode_lengths": [316], "episode_rewards": [1001.1723687298686], "episode_types": ["t", "t"]}