{"initial_reset_timestamp": 1557242203.1711683, "timestamps": [1557242222.817026], "episode_lengths": [1000], "episode_rewards": [3175.9709792188214], "episode_types": ["t", "t"]}