{"initial_reset_timestamp": 1556191498.381679, "timestamps": [1556191504.718001], "episode_lengths": [611], "episode_rewards": [2096.95881208592], "episode_types": ["t", "t"]}