{"initial_reset_timestamp": 1556549697.148877, "timestamps": [1556549706.9478707], "episode_lengths": [403], "episode_rewards": [1360.956948333378], "episode_types": ["t", "t"]}