{"initial_reset_timestamp": 1556978394.6095722, "timestamps": [1556978402.951567], "episode_lengths": [1000], "episode_rewards": [3248.4540254425083], "episode_types": ["t", "t"]}