{"initial_reset_timestamp": 1556181040.689573, "timestamps": [1556181051.118984], "episode_lengths": [1000], "episode_rewards": [9803.30286654892], "episode_types": ["t", "t"]}