{"initial_reset_timestamp": 1557830032.906591, "timestamps": [1557830049.7149546], "episode_lengths": [1000], "episode_rewards": [10282.970207630027], "episode_types": ["t", "t"]}