{"initial_reset_timestamp": 1557312462.6688251, "timestamps": [1557312476.7781692], "episode_lengths": [1000], "episode_rewards": [10573.852496180081], "episode_types": ["t", "t"]}