{"initial_reset_timestamp": 1557319611.092186, "timestamps": [1557319622.9522312], "episode_lengths": [1000], "episode_rewards": [4558.386166059976], "episode_types": ["t", "t"]}