{"initial_reset_timestamp": 1557325895.9075415, "timestamps": [1557325906.950256], "episode_lengths": [1000], "episode_rewards": [4713.385183360232], "episode_types": ["t", "t"]}