{"initial_reset_timestamp": 1557411883.1675007, "timestamps": [1557411895.9823985], "episode_lengths": [1000], "episode_rewards": [4663.648824806512], "episode_types": ["t", "t"]}