{"initial_reset_timestamp": 1557150719.5950277, "timestamps": [1557150728.285389], "episode_lengths": [1000], "episode_rewards": [1557.79705245007], "episode_types": ["t", "t"]}