{"initial_reset_timestamp": 1556180860.2407508, "timestamps": [1556180867.8175504], "episode_lengths": [1000], "episode_rewards": [3375.1064282328616], "episode_types": ["t", "t"]}