{"initial_reset_timestamp": 1556979045.49742, "timestamps": [1556979049.2122493], "episode_lengths": [458], "episode_rewards": [1514.5930437670465], "episode_types": ["t", "t"]}