{"initial_reset_timestamp": 1556180898.2919896, "timestamps": [1556180908.3873677], "episode_lengths": [1000], "episode_rewards": [7684.1635267025495], "episode_types": ["t", "t"]}