{"initial_reset_timestamp": 1557749987.1356156, "timestamps": [1557750009.2553337], "episode_lengths": [1000], "episode_rewards": [1527.042073201088], "episode_types": ["t", "t"]}