{"initial_reset_timestamp": 1556979578.173915, "timestamps": [1556979585.9773128], "episode_lengths": [1000], "episode_rewards": [9940.146889067697], "episode_types": ["t", "t"]}