{"initial_reset_timestamp": 1557312413.6163213, "timestamps": [1557312427.6062093], "episode_lengths": [1000], "episode_rewards": [4632.640245432929], "episode_types": ["t", "t"]}