{"initial_reset_timestamp": 1557312374.8916614, "timestamps": [1557312389.6250508], "episode_lengths": [1000], "episode_rewards": [3499.633093221702], "episode_types": ["t", "t"]}