{"initial_reset_timestamp": 1556192288.205872, "timestamps": [1556192295.7301407], "episode_lengths": [798], "episode_rewards": [2695.332843152593], "episode_types": ["t", "t"]}