{"initial_reset_timestamp": 1556025542.9258611, "timestamps": [1556025551.984303], "episode_lengths": [1000], "episode_rewards": [3214.469620178964], "episode_types": ["t", "t"]}