{"initial_reset_timestamp": 1557148834.2342746, "timestamps": [1557148843.36324], "episode_lengths": [1000], "episode_rewards": [357.36394325127907], "episode_types": ["t", "t"]}