{"initial_reset_timestamp": 1557749914.5921068, "timestamps": [1557749937.1262717], "episode_lengths": [1000], "episode_rewards": [137.30035351946756], "episode_types": ["t", "t"]}