{"initial_reset_timestamp": 1556787311.2942896, "timestamps": [1556787322.128387], "episode_lengths": [1000], "episode_rewards": [9285.111921645881], "episode_types": ["t", "t"]}